accuracy,weighted_precision,weighted_recall,weighted_f1,premium_precision,premium_recall,regular_precision,regular_recall,premium_f1
0.8374060150375939,0.8358846658211933,0.8374060150375939,0.836622354034305,0.5736040609137056,0.5594059405940595,0.8973471741637832,0.9025522041763341,0.5664160401002506
0.8280075187969925,0.8263939999472625,0.8280075187969925,0.8271785594698139,0.5482233502538071,0.5346534653465347,0.8915801614763552,0.8967517401392111,0.5413533834586466
0.743421052631579,0.8350062505260667,0.743421052631579,0.7682942973354911,0.4082687338501292,0.7821782178217822,0.9350073855243722,0.734338747099768,0.5365025466893039
0.8430451127819549,0.8256597733328704,0.8430451127819549,0.8187150516586621,0.6881720430107527,0.31683168316831684,0.8578784757981462,0.9663573085846868,0.43389830508474575
