feature,importance
alcohol,0.15971860148453054
density,0.11952278028533202
chlorides,0.08790190452697016
volatile acidity,0.08416022194303302
total sulfur dioxide,0.08359719031378232
sulphates,0.08311433271374646
pH,0.0798632228315356
residual sugar,0.07936080887382496
free sulfur dioxide,0.07850704143767838
citric acid,0.07449373340985332
fixed acidity,0.06664832696585085
wine_type_binary,0.003111835213862413
